{"DefaultTint":{"r":0.6000000238418579,"g":0.6000000238418579,"b":0.699999988079071,"a":0.699999988079071},"FoldersData":{"Keys":["04a45a7530ccb9841a5da9e3ee94007d","80563609f0a6c3b4e9d7f76c500259f6","e6766f690bb0681429472fd573053ab4","b088b73bf51f3794492ad8732258b663"],"Values":[{"_guid":"04a45a7530ccb9841a5da9e3ee94007d","_color":{"r":0.4392157196998596,"g":0.7019608020782471,"b":0.7764706611633301,"a":0.699999988079071},"_recursive":true},{"_guid":"80563609f0a6c3b4e9d7f76c500259f6","_color":{"r":0.9490196704864502,"g":0.729411780834198,"b":0.05882353335618973,"a":0.699999988079071},"_recursive":true},{"_guid":"e6766f690bb0681429472fd573053ab4","_color":{"r":0.8392157554626465,"g":0.250980406999588,"b":0.7019608020782471,"a":0.699999988079071},"_recursive":true},{"_guid":"b088b73bf51f3794492ad8732258b663","_color":{"r":0.250980406999588,"g":0.803921639919281,"b":0.03529411926865578,"a":0.699999988079071},"_recursive":true}]}}